{
    "rmse": 0.7115077791866858,
    "mae": 0.557356270047691,
    "r2": 0.26734929651120565
}